dur,spkts,dpkts,rate,sload,dload,sloss,dloss,sinpkt,dinpkt,sjit,djit,stcpb,dtcpb,tcprtt,synack,ackdat,smean,dmean,response_body_len,ct_srv_src,ct_state_ttl,ct_dst_ltm,ct_src_dport_ltm,ct_dst_sport_ltm,ct_dst_src_ltm,ct_ftp_cmd,ct_flw_http_mthd,ct_src_ltm,ct_srv_dst,is_sm_ips_ports,label,proto_converted,service_converted,state_converted,sttl_converted,dttl_converted,id,r
0.003174900582065107,0.0008454673555659935,0.0005445634416409512,7.87426367637721e-05,8.944493443471844e-06,0.00045180689312979887,0.00037601052829479227,0.00018158707100054475,0.0003243644991654056,0.0005842404922544876,0.0007508517872457836,0.00010952790421039381,0.4429776450276618,0.9346145938609078,0.008593824619615777,0.006763072132411549,0.003761978545318218,0.06824324324324324,0.03,0.0,0.12903225806451613,0.16666666666666666,0.0,0.034482758620689655,0.0,0.0,0.0,0.0625,0.03389830508474577,0.0,0.0,1.0,0.015384615384615385,0.08333333333333333,0.16666666666666666,0.0,0.14285714285714285,769,0.748439640469853
1.3333335777778225e-07,9.394081728511038e-05,0.0,0.12499999992500001,0.018982535144356685,0.0,0.0,0.0,1.3331113258605333e-07,0.0,0.0,0.0,0.0,0.0,0.0,0.0,0.0,0.051351351351351354,0.0,0.0,0.04838709677419355,0.3333333333333333,0.0,0.0,0.0,0.04838709677419355,0.0,0.0,0.1694915254237288,0.04918032786885246,0.0,1.0,0.4538461538461539,0.0,0.0,0.0,0.0,1830,0.9147877452753187
1.3333335777778225e-07,9.394081728511038e-05,0.0,0.12499999992500001,0.018982535144356685,0.0,0.0,0.0,1.3331113258605333e-07,0.0,0.0,0.0,0.0,0.0,0.0,0.0,0.0,0.051351351351351354,0.0,0.0,0.04838709677419355,0.3333333333333333,0.0,0.0,0.0,0.04838709677419355,0.0,0.0,0.0,0.04918032786885246,0.0,1.0,0.7307692307692308,0.0,0.0,0.0,0.0,1923,0.10060730068238932
0.010008751834937837,0.0008454673555659935,0.0010891268832819024,3.49694008950918e-05,2.076138221053268e-06,0.004279089037912872,0.00037601052829479227,0.000726348284002179,0.0012503105316194676,0.0008074058300732743,5.942224345767558e-05,0.006658739401934524,0.2952296879617891,0.29361811703139784,0.041950665517020314,0.02718368854724884,0.024787471088624675,0.04527027027027027,0.4053333333333333,0.0006036758422851562,0.016129032258064516,0.16666666666666666,0.0,0.0,0.0,0.0,0.0,0.0625,0.0,0.0,0.0,1.0,0.015384615384615385,0.08333333333333333,0.16666666666666666,0.2,0.14285714285714285,2000,0.8311306426620032
1.5000002750000507e-07,9.394081728511038e-05,0.0,0.11111110686666668,0.01687336440402785,0.0,0.0,0.0,1.4997502415930998e-07,0.0,0.0,0.0,0.0,0.0,0.0,0.0,0.0,0.051351351351351354,0.0,0.0,0.0967741935483871,0.3333333333333333,0.05172413793103448,0.034482758620689655,0.05405405405405406,0.0967741935483871,0.0,0.0,0.08474576271186442,0.09836065573770492,0.0,1.0,0.7615384615384616,0.0,0.0,0.0,0.0,2553,0.9362086369145256
1.6666669722222786e-07,9.394081728511038e-05,0.0,0.1000000022,0.06727410455160009,0.0,0.0,0.0,1.6663891573256666e-07,0.0,0.0,0.0,0.0,0.0,0.0,0.0,0.0,0.2831081081081081,0.0,0.0,0.5806451612903226,0.3333333333333333,0.05172413793103448,0.05172413793103448,0.0,0.5806451612903226,0.0,0.0,0.06779661016949153,0.5901639344262295,0.0,1.0,0.0,0.0,0.0,0.0,0.0,3535,0.3825315806363506
0.010885168662280922,0.0008454673555659935,0.0007260845888546016,2.6029304921912085e-05,1.1811949228576499e-06,0.00018237340246253945,0.00037601052829479227,0.00018158707100054475,0.0011826197210624521,0.0015842531006642969,0.00374808803838935,0.0002993143684131878,0.89561999283844,0.8703435308934564,0.017363759709954168,0.003964313738615614,0.018288514868658533,0.021621621621621623,0.029333333333333333,0.0,0.0,0.16666666666666666,0.0,0.0,0.0,0.0,0.0,0.0,0.0,0.0,0.0,1.0,0.015384615384615385,0.0,0.16666666666666666,0.0,0.14285714285714285,4113,0.1884148923873913
0.025505688009376137,0.005166744950681071,0.02777273552368851,0.0002358951322923146,3.0236284768320253e-06,0.10202151585784965,0.0005640157924421884,0.027419647721082258,0.00046366248474087444,8.541833941700653e-05,0.0009883965458579267,0.0013844393934272347,0.38037700617365583,0.847918027288952,0.017261966287798004,0.0059173394719454755,0.016003944307147897,0.020945945945945947,0.888,3.8909912109375004e-05,0.0,0.16666666666666666,0.0,0.0,0.0,0.0,0.0,0.0625,0.0,0.0,0.0,1.0,0.015384615384615385,0.08333333333333333,0.16666666666666666,0.2,0.14285714285714285,5889,0.6213435580361876
1.1666668805555949e-07,9.394081728511038e-05,0.0,0.14285714047142858,0.021694325445378262,0.0,0.0,0.0,1.1664724101279667e-07,0.0,0.0,0.0,0.0,0.0,0.0,0.0,0.0,0.051351351351351354,0.0,0.0,0.06451612903225806,0.3333333333333333,0.034482758620689655,0.034482758620689655,0.05405405405405406,0.06451612903225806,0.0,0.0,0.03389830508474577,0.06557377049180328,0.0,1.0,0.35384615384615387,0.0,0.0,0.0,0.0,7141,0.1070899289854006
0.034959023075820904,0.0038515735086895255,0.0,1.954669694135991e-05,1.899754877308799e-06,0.0,0.0,0.0,0.0008525169441782294,0.0,3.7497920660996716e-05,0.0,0.0,0.0,0.0,0.0,0.0,0.02702702702702703,0.0,0.0,0.0,0.3333333333333333,0.0,0.0,0.0,0.0,0.0,0.0,0.0,0.0,0.0,1.0,0.03076923076923077,0.0,0.0,0.0,0.0,8359,0.5093679705576083
0.008411918208851673,0.0008454673555659935,0.0007260845888546016,3.368237389895288e-05,2.3890126667450187e-06,0.00023599436024250006,0.00037601052829479227,0.00018158707100054475,0.0008943140335696094,0.001095479348186779,0.002386471944633298,0.00025591435766260883,0.36224676786183163,0.910909516884727,0.029642558547572726,0.019196798798061725,0.01752744660059588,0.043243243243243246,0.029333333333333333,0.0,0.0,0.16666666666666666,0.0,0.0,0.0,0.0,0.0,0.0,0.0,0.0,0.0,1.0,0.015384615384615385,0.0,0.16666666666666666,0.0,0.14285714285714285,8929,0.388860914639224
0.013582052490042957,0.0008454673555659935,0.0009076057360682519,2.3315086930054737e-05,1.3156256591115853e-06,0.0005770999016959135,0.00037601052829479227,0.0003631741420010895,0.0015088653902836713,0.0014130020415925113,0.003604160832429939,0.00033342239500794036,0.1542206822793018,0.9135494544632309,0.048589742415539594,0.01728870939150635,0.0443519447359957,0.03648648648648649,0.09066666666666666,4.57763671875e-05,0.0,0.16666666666666666,0.017241379310344827,0.0,0.0,0.0,0.0,0.0625,0.01694915254237288,0.0,0.0,1.0,0.015384615384615385,0.08333333333333333,0.16666666666666666,0.2,0.14285714285714285,9215,0.5717650667989119
0.003773234025092905,0.0014091122592766558,0.0005445634416409512,9.275864272172408e-05,6.739314285257316e-05,0.0003801624916887228,0.0009400263207369807,0.00018158707100054475,0.00025051271461592594,0.0007148275938512526,0.0006702363649429202,0.00012303386116889272,0.7745620740472348,0.018562210513656974,0.009576170395385017,0.00620338243479274,0.005660381223841479,0.4364864864864865,0.03,0.0,0.08064516129032258,0.16666666666666666,0.0,0.0,0.0,0.0,0.0,0.0,0.03389830508474577,0.0,0.0,1.0,0.015384615384615385,0.0,0.16666666666666666,0.0,0.14285714285714285,9297,0.1761124375482721
0.013268235765843224,0.0008454673555659935,0.0009076057360682519,2.3866527928400416e-05,1.371540811102041e-06,0.0005642041936480997,0.00037601052829479227,0.0003631741420010895,0.0014740026794204536,0.0012579948056122667,0.003309123844735202,0.000289550008698298,0.6374294583787959,0.9155654562035651,0.050840973291656474,0.043921385600789384,0.017946734098658212,0.03783783783783784,0.08666666666666667,0.00015010833740234376,0.06451612903225806,0.16666666666666666,0.05172413793103448,0.05172413793103448,0.08108108108108109,0.06451612903225806,0.0,1.0,0.05084745762711865,0.06557377049180328,0.0,1.0,0.015384615384615385,0.08333333333333333,0.16666666666666666,0.2,0.14285714285714285,10735,0.8514167243497187
0.01997480366204734,0.0029121653358384217,0.010528226538391723,0.00012265454463203636,1.9969478680298684e-06,0.04226554609869945,0.0011280315848843769,0.010168875976030506,0.000644241112380085,0.00017782731466503543,0.0012723071573524842,0.0021707313720612472,0.5015752600203871,0.7335780189492047,0.015374731941807659,0.00447875720375804,0.015126445227326894,0.018243243243243244,0.764,0.0,0.0,0.16666666666666666,0.0,0.0,0.0,0.0,0.0,0.0,0.0,0.0,0.0,1.0,0.015384615384615385,0.0,0.16666666666666666,0.2,0.14285714285714285,11887,0.13899617583555257
0.02810838848653789,0.001221230624706435,0.0012706480304955528,1.6009457951971624e-05,6.492206835230648e-07,0.00020071273454803654,0.0007520210565895845,0.000726348284002179,0.0021618234010096185,0.0021950077278467817,0.006957426639197059,0.0005308660479384928,0.250101536056022,0.7110339998297093,0.028538008329266396,0.011696770906548554,0.024349404427375515,0.020945945945945947,0.04533333333333333,0.0,0.0,0.16666666666666666,0.017241379310344827,0.0,0.0,0.04838709677419355,0.0,0.0,0.03389830508474577,0.0,0.0,1.0,0.015384615384615385,0.3333333333333333,0.16666666666666666,0.0,0.14285714285714285,12063,0.12943850939340928
1.1666668805555949e-07,9.394081728511038e-05,0.0,0.14285714047142858,0.012365765534237667,0.0,0.0,0.0,1.1664724101279667e-07,0.0,0.0,0.0,0.0,0.0,0.0,0.0,0.0,0.0222972972972973,0.0,0.0,0.4032258064516129,0.3333333333333333,0.32758620689655177,0.32758620689655177,0.5135135135135136,0.4032258064516129,0.0,0.0,0.3220338983050847,0.4098360655737705,0.0,1.0,0.0,0.5,0.0,0.0,0.0,12094,0.45003537547906913
1.3333335777778225e-07,9.394081728511038e-05,0.0,0.12499999992500001,0.01082004503228331,0.0,0.0,0.0,1.3331113258605333e-07,0.0,0.0,0.0,0.0,0.0,0.0,0.0,0.0,0.0222972972972973,0.0,0.0,0.532258064516129,0.3333333333333333,0.25862068965517243,0.25862068965517243,0.40540540540540543,0.532258064516129,0.0,0.0,0.2542372881355932,0.5409836065573771,0.0,1.0,0.0,0.5,0.0,0.0,0.0,14720,0.4121284107340928
1.666666972222278e-08,9.394081728511038e-05,0.0,1.0,0.08656036025826648,0.0,0.0,0.0,1.6663891573256667e-08,0.0,0.0,0.0,0.0,0.0,0.0,0.0,0.0,0.0222972972972973,0.0,0.0,0.3870967741935484,0.3333333333333333,0.41379310344827586,0.41379310344827586,0.6486486486486487,0.3870967741935484,0.0,0.0,0.423728813559322,0.39344262295081966,0.0,1.0,0.0,0.5,0.0,0.0,0.0,14734,5.463527005100666e-05
3.333333944444556e-08,9.394081728511038e-05,0.0,0.49999999980000004,0.04328018012913324,0.0,0.0,0.0,3.332778314651333e-08,0.0,0.0,0.0,0.0,0.0,0.0,0.0,0.0,0.0222972972972973,0.0,0.0,0.564516129032258,0.3333333333333333,0.2931034482758621,0.2931034482758621,0.4594594594594595,0.564516129032258,0.0,0.0,0.30508474576271183,0.5737704918032787,0.0,1.0,0.0,0.5,0.0,0.0,0.0,16145,0.5486438349758098
1.6666669722222786e-07,9.394081728511038e-05,0.0,0.1000000022,0.008656036025826647,0.0,0.0,0.0,1.6663891573256666e-07,0.0,0.0,0.0,0.0,0.0,0.0,0.0,0.0,0.0222972972972973,0.0,0.0,0.5,0.3333333333333333,0.41379310344827586,0.41379310344827586,0.6486486486486487,0.5,0.0,0.0,0.4067796610169491,0.5081967213114754,0.0,1.0,0.0,0.5,0.0,0.0,0.0,22001,0.3716731831820592
1.5000002750000507e-07,9.394081728511038e-05,0.0,0.11111110686666668,0.009617817300273116,0.0,0.0,0.0,1.4997502415930998e-07,0.0,0.0,0.0,0.0,0.0,0.0,0.0,0.0,0.0222972972972973,0.0,0.0,0.5483870967741935,0.3333333333333333,0.27586206896551724,0.27586206896551724,0.43243243243243246,0.5483870967741935,0.0,0.0,0.2711864406779661,0.5573770491803279,0.0,1.0,0.0,0.5,0.0,0.0,0.0,22575,0.09742759988936533
0.00041203340887279165,0.005542508219821513,0.005627155563623162,0.004894425887316723,0.0002183122046530136,0.7583021038073479,0.0013160368490317729,0.004358089704013074,6.888119565155082e-06,6.980521392384106e-06,0.0,4.662396034012838e-05,0.17523784639034282,0.6772309120220905,0.00017558711122566873,0.000166109456214663,4.609430964040293e-05,0.024324324324324326,0.5333333333333333,0.0,0.22580645161290325,0.0,0.017241379310344827,0.0,0.0,0.016129032258064516,0.0,0.0,0.05084745762711865,0.11475409836065574,0.0,0.0,0.015384615384615385,0.0,0.16666666666666666,0.4,0.42857142857142855,23703,0.34487743460569253
0.10699461961568027,0.042179426961014566,0.07787257215465603,0.0002035928343892215,5.9630642185754675e-06,0.06544809598989641,0.007144200037601053,0.07081895769021246,0.0002382437578062,0.00012972662958501014,0.003738937451995415,0.008668604067945233,0.8724984222265626,0.3744793185137486,0.00015465273134779466,0.00014596558559161618,4.097271968035816e-05,0.021621621621621623,0.8506666666666667,0.0,0.1935483870967742,0.0,0.12068965517241378,0.017241379310344827,0.0,0.016129032258064516,0.0,0.0,0.03389830508474577,0.29508196721311475,0.0,0.0,0.015384615384615385,0.0,0.16666666666666666,0.4,0.42857142857142855,24416,0.5208973396322868
0.0041500507608426395,0.005542508219821513,0.005627155563623162,0.0004859379325421862,2.167489780774984e-05,0.0749107228107169,0.0013160368490317729,0.004358089704013074,7.024338546820668e-05,7.053560109208227e-05,0.00016528035586146236,0.0005218406985033395,0.3630243404200527,0.8626137634825493,0.00018396086317681832,0.0001760264386752399,4.609430964040293e-05,0.024324324324324326,0.5306666666666666,0.0,0.0,0.0,0.017241379310344827,0.0,0.0,0.0,0.0,0.0,0.0,0.1639344262295082,0.0,0.0,0.015384615384615385,0.0,0.16666666666666666,0.4,0.42857142857142855,24658,0.03986876788513227
0.004110000753500139,0.0021606387975575386,0.002359774913777455,0.00019870234940389295,2.4410954413590675e-05,0.004303449833217329,0.0013160368490317729,0.0012711094970038132,0.00017841087197612024,0.0001704941041828746,0.00046107879486918655,3.9164682127033575e-05,0.15241908631196074,0.1532275840386279,0.00016276480355047085,0.00015123398252379764,4.5752870309733276e-05,0.1,0.07333333333333333,0.0,0.11290322580645161,0.0,0.08620689655172414,0.0,0.0,0.04838709677419355,0.0,0.0,0.1016949152542373,0.13114754098360656,0.0,0.0,0.015384615384615385,0.0,0.16666666666666666,0.4,0.42857142857142855,24851,0.11660007606170686
0.019116170171297867,0.001221230624706435,0.0016336903249228535,2.7027732918916805e-05,2.070755820024015e-06,0.0032172605650957675,0.0005640157924421884,0.0009079353550027237,0.0014686297908521634,0.0011679385111407771,0.005954457637844192,0.01670255460119007,0.9231887599208041,0.4239132311157036,0.00018605430116460574,0.00017137785314684447,5.3947414245804905e-05,0.06486486486486487,0.37666666666666665,0.0007484436035156251,0.016129032258064516,0.0,0.06896551724137931,0.0,0.0,0.016129032258064516,0.0,0.0625,0.03389830508474577,0.01639344262295082,0.0,0.0,0.015384615384615385,0.08333333333333333,0.16666666666666666,0.4,0.42857142857142855,25151,0.5969462882508199
0.016781936410021674,0.001221230624706435,0.0016336903249228535,3.0787074907638776e-05,2.3587813109627914e-06,0.0036647556623787747,0.0005640157924421884,0.0009079353550027237,0.0012902684272979074,0.0010252778699546443,0.005907553952119195,0.01657185871967928,0.5371146995562684,0.5373575384445304,0.00017480207198024842,0.00016548964481087692,4.5752870309733276e-05,0.06486486486486487,0.37666666666666665,0.0007484436035156251,0.06451612903225806,0.0,0.017241379310344827,0.017241379310344827,0.02702702702702703,0.016129032258064516,0.0,0.25,0.08474576271186442,0.032786885245901634,0.0,0.0,0.015384615384615385,0.08333333333333333,0.16666666666666666,0.4,0.42857142857142855,25330,0.2792817499974459
0.00020425003744584022,0.0032879286049788633,0.0034489017970593576,0.005956752352129743,0.0002812915818127098,0.497314119882573,0.0013160368490317729,0.002179044852006537,5.678570995310247e-06,5.492070903600394e-06,1.5642088147702344e-05,4.728363758816106e-05,0.6950392897351736,0.6951175535988698,0.00017166191499856732,0.00015836181366733727,4.950870294709944e-05,0.027702702702702704,0.286,0.0,0.16129032258064518,0.0,0.05172413793103448,0.0,0.0,0.0,0.0,0.0,0.05084745762711865,0.04918032786885246,0.0,0.0,0.015384615384615385,0.0,0.16666666666666666,0.4,0.42857142857142855,26715,0.06484567424018817
0.00024838337887028613,0.0032879286049788633,0.0034489017970593576,0.004898342724304972,0.00023131104134099724,0.4089501865126486,0.0013160368490317729,0.002179044852006537,7.1468431457214654e-06,6.701144663490549e-06,2.098201395004361e-05,6.371529235157742e-05,0.8678136946837474,0.3673948155892405,0.00018840941890086658,0.00017881558999227715,4.882582428576014e-05,0.027702702702702704,0.286,0.0,0.11290322580645161,0.0,0.12068965517241378,0.0,0.0,0.016129032258064516,0.0,0.0,0.05084745762711865,0.032786885245901634,0.0,0.0,0.015384615384615385,0.0,0.16666666666666666,0.4,0.42857142857142855,27938,0.21954675979245153
0.001685416975659779,0.00028182245185533113,0.0003630422944273008,6.922125979233622e-05,5.856663401802234e-06,0.0008662882892687556,0.0,0.0,0.0003334389046410804,0.00038139286211595445,1.9065148647256553e-05,6.72022259649644e-05,0.0,0.0,0.0,0.0,0.0,0.07162162162162163,0.050666666666666665,0.0,0.27419354838709675,0.0,0.17241379310344826,0.0,0.0,0.03225806451612903,0.0,0.0,0.1016949152542373,0.1475409836065574,0.0,0.0,0.0,0.0,0.6666666666666666,0.4,0.42857142857142855,28177,0.4483544943514072
0.006123834456036317,0.00253640206669798,0.0027228172082047557,0.00015513158853460522,1.6709879301873747e-05,0.0031141264192088144,0.0013160368490317729,0.0012711094970038132,0.00022658201654151194,0.00021909858875870206,0.0004736492675465665,3.7236017477654754e-05,0.36348224054752354,0.9160911392547995,0.00019625981135506934,0.00017323728735820263,6.52149121579034e-05,0.08513513513513514,0.06866666666666667,0.0,0.11290322580645161,0.0,0.05172413793103448,0.0,0.0,0.03225806451612903,0.0,0.0,0.03389830508474577,0.11475409836065574,0.0,0.0,0.015384615384615385,0.0,0.16666666666666666,0.4,0.42857142857142855,29281,0.40052077676350106
1.7216669823056137e-05,9.394081728511038e-05,0.0001815211472136504,0.002904162766287512,9.702593611643135e-05,0.03049998888147547,0.0,0.0,1.6663891573256666e-07,1.3855395394882233e-07,0.0,0.0,0.0,0.0,0.0,0.0,0.0,0.02837837837837838,0.05466666666666666,0.0,0.016129032258064516,0.0,0.06896551724137931,0.0,0.0,0.016129032258064516,0.0,0.0,0.13559322033898305,0.01639344262295082,0.0,0.0,0.0,0.5,0.6666666666666666,0.4,0.42857142857142855,29926,0.41954159267444724
0.01679748641287251,0.001221230624706435,0.0016336903249228535,3.075857690772427e-05,2.3565979473635015e-06,0.0036613632968043775,0.0005640157924421884,0.0009079353550027237,0.0012904158360827643,0.001026206995450581,0.005907529374521047,0.016573848647382528,0.6169577996127888,0.616238840935428,0.00018448422267376517,0.00017075804174305839,5.2581656923126306e-05,0.06486486486486487,0.37666666666666665,0.0007484436035156251,0.0,0.0,0.0,0.0,0.0,0.0,0.0,0.0625,0.0,0.01639344262295082,0.0,0.0,0.015384615384615385,0.08333333333333333,0.16666666666666666,0.4,0.42857142857142855,30931,0.8589805676284594
1.7400003190000587e-05,9.394081728511038e-05,0.0001815211472136504,0.0028735631183793107,0.00010618582200387805,0.03275485207127306,0.0,0.0,1.833028073058233e-07,3.463848848720558e-08,0.0,0.0,0.0,0.0,0.0,0.0,0.0,0.03310810810810811,0.05933333333333333,0.0,0.04838709677419355,0.0,0.034482758620689655,0.05172413793103448,0.0,0.0,0.0,0.0,0.2711864406779661,0.032786885245901634,0.0,0.0,0.0,0.5,0.6666666666666666,0.4,0.42857142857142855,31343,0.9408039543264983
0.0022326337426495195,0.004227336777829968,0.00435650753312761,0.0006942474639172576,3.1651256643370976e-05,0.08600457285942707,0.0013160368490317729,0.003086980207009261,4.948139303201373e-05,4.919292321824811e-05,0.0,0.00041681656895274345,0.6981367185833426,0.7264347269647349,0.00015203593386306039,0.00014162690576511377,4.233847700303677e-05,0.025675675675675677,0.42533333333333334,0.0,0.14516129032258063,0.0,0.06896551724137931,0.0,0.0,0.016129032258064516,0.0,0.0,0.05084745762711865,0.09836065573770492,0.0,0.0,0.015384615384615385,0.0,0.16666666666666666,0.4,0.42857142857142855,34234,0.08372959484708409
1.8100003318333943e-05,9.394081728511038e-05,0.0001815211472136504,0.0027624309207127076,9.089243578806691e-05,0.028657699796763938,0.0,0.0,1.9996669887907999e-07,1.905116866796307e-07,0.0,0.0,0.0,0.0,0.0,0.0,0.0,0.027702702702702704,0.054,0.0,0.0,0.0,0.034482758620689655,0.0,0.0,0.0,0.0,0.0,0.05084745762711865,0.04918032786885246,0.0,0.0,0.0,0.5,0.6666666666666666,0.4,0.42857142857142855,34824,0.3615173375005002
0.0010327001893283682,0.007797087834664162,0.007805409330186967,0.002727478078817566,0.00011776389898489785,0.47361888714087647,0.0013160368490317729,0.006537134556019611,1.252534744547208e-05,1.2494310628265978e-05,2.910741278212631e-05,9.148762634163916e-05,0.7115969696880734,0.7189453524932437,0.00019625981135506934,0.00019586040359639365,4.028984101901885e-05,0.022972972972972974,0.5993333333333333,0.0,0.0,0.0,0.08620689655172414,0.0,0.0,0.016129032258064516,0.0,0.0,0.01694915254237288,0.18032786885245902,0.0,0.0,0.015384615384615385,0.0,0.16666666666666666,0.4,0.42857142857142855,35732,0.6799647798110096
0.004841367554250719,0.001221230624706435,0.0005445634416409512,6.540852480377442e-05,4.334428771903234e-05,0.00035316542280074625,0.0007520210565895845,0.00018158707100054475,0.00037235080784546676,0.001004031227290141,0.0011783484040991984,0.00015442003312561136,0.07140840097765924,0.29644809667481153,0.000174540392231775,0.0001509240768219046,6.145907952053725e-05,0.4148648648648649,0.035333333333333335,0.0,0.016129032258064516,0.0,0.15517241379310345,0.0,0.0,0.0,0.0,0.0,0.0,0.01639344262295082,0.0,0.0,0.015384615384615385,0.25,0.16666666666666666,0.4,0.42857142857142855,35825,0.782877716493173
0.0002653167153080645,0.004227336777829968,0.00435650753312761,0.005842075522473774,0.0002663445675428608,0.7237264222441957,0.0013160368490317729,0.003086980207009261,5.771255560240701e-06,5.660084892007585e-06,0.0,4.154874476012768e-05,0.29784009270905387,0.8007856940907911,0.00018710102015849945,0.00017199766455063052,5.4630292907144215e-05,0.025675675675675677,0.42533333333333334,0.0,0.06451612903225806,0.0,0.0,0.0,0.0,0.0,0.0,0.0,0.01694915254237288,0.06557377049180328,0.0,0.0,0.015384615384615385,0.0,0.16666666666666666,0.4,0.42857142857142855,36306,0.9370473920686345
1.8466670052222846e-05,9.394081728511038e-05,0.0001815211472136504,0.002707581084877257,0.00010005235134521603,0.03086287482875551,0.0,0.0,1.6663891573256666e-07,1.3855395394882233e-07,0.0,0.0,0.0,0.0,0.0,0.0,0.0,0.03310810810810811,0.05933333333333333,0.0,0.11290322580645161,0.0,0.017241379310344827,0.034482758620689655,0.0,0.016129032258064516,0.0,0.0,0.1694915254237288,0.06557377049180328,0.0,0.0,0.0,0.5,0.6666666666666666,0.4,0.42857142857142855,36838,0.9347700355244849
0.0011000502016758704,0.007797087834664162,0.007805409330186967,0.002560489580318531,0.00011055385757369257,0.4596175669421627,0.0013160368490317729,0.006537134556019611,1.3183954432121903e-05,1.3329306031738554e-05,3.1002406994596945e-05,9.722877349772233e-05,0.7176079912370251,0.7179681884515536,0.00018762437965544627,0.00018098492990552834,4.541143097906363e-05,0.022972972972972974,0.6193333333333333,0.0,0.04838709677419355,0.0,0.017241379310344827,0.0,0.0,0.0,0.0,0.0,0.01694915254237288,0.032786885245901634,0.0,0.0,0.015384615384615385,0.0,0.16666666666666666,0.4,0.42857142857142855,38633,0.5398064133189932
0.0006028501105225203,0.00028182245185533113,0.0003630422944273008,0.0001935251964194244,1.662565913132712e-05,0.002421923786188516,0.0,0.0,0.00011111482901047545,0.00013296560536647174,6.350866457920017e-06,2.3418624343291536e-05,0.0,0.0,0.0,0.0,0.0,0.07297297297297298,0.050666666666666665,0.0,0.0967741935483871,0.0,0.06896551724137931,0.0,0.0,0.03225806451612903,0.0,0.0,0.05084745762711865,0.11475409836065574,0.0,0.0,0.0,0.0,0.6666666666666666,0.4,0.42857142857142855,38721,0.8093437569692237
0.017708119913155317,0.0008454673555659935,0.0007260845888546016,1.600019595199941e-05,1.0248014492503471e-06,0.0003641597963470532,0.00037601052829479227,0.0003631741420010895,0.0019672409054812072,0.002288686169059378,0.005138396606141076,0.0006134202226641348,0.240872746413957,0.8049344216513662,0.042646210288462674,0.03828203154344196,0.013467391519603057,0.03783783783783784,0.096,3.2806396484375e-05,0.03225806451612903,0.16666666666666666,0.0,0.0,0.0,0.03225806451612903,0.0,0.0625,0.0,0.032786885245901634,0.0,0.0,0.015384615384615385,0.08333333333333333,0.16666666666666666,0.2,0.14285714285714285,40744,0.8989355452087961
0.014426935978271598,0.00046970408642555187,0.0001815211472136504,8.086725975739822e-06,1.4596282086816968e-06,1.9086632949600955e-05,0.00037601052829479227,0.00018158707100054475,0.0028849062336152283,1.2123470970521953e-07,0.00629659501831232,0.0,0.43755708604442656,0.11308649250199886,0.159321883099806,0.047887868679318255,0.15512237527050532,0.09594594594594595,0.028666666666666667,0.0,0.03225806451612903,0.5,0.017241379310344827,0.017241379310344827,0.0,0.03225806451612903,0.0,0.0,0.01694915254237288,0.032786885245901634,0.0,0.0,0.015384615384615385,0.0,0.6666666666666666,0.2,0.14285714285714285,41168,0.3660864044186607
0.01645923635086,0.00046970408642555187,0.0001815211472136504,7.08821997873534e-06,1.2794009015704953e-06,1.6729916006391207e-05,0.00037601052829479227,0.00018158707100054475,0.0032912985557471824,1.731924424360279e-08,0.009055797143765807,0.0,0.984912852763357,0.9467192117596591,0.24846465949576932,0.27521950620865077,0.020972569447052662,0.09594594594594595,0.028666666666666667,0.0,0.04838709677419355,0.5,0.0,0.0,0.0,0.04838709677419355,0.0,0.0,0.0,0.04918032786885246,0.0,0.0,0.015384615384615385,0.0,0.6666666666666666,0.2,0.14285714285714285,41313,0.3219917266437645
0.004042767407840692,0.0010333489901362142,0.0016336903249228535,0.00011955508764133474,5.271404778003109e-06,0.026503551708199197,0.00037601052829479227,0.0012711094970038132,0.0003659617884968223,0.00023805096845749965,0.000861342542035738,0.0026962603991543123,0.7677323334741656,0.7046486229573206,0.00520795035411812,0.0027556815012328047,0.0037592470306728612,0.03581081081081081,0.656,0.0,0.016129032258064516,0.16666666666666666,0.017241379310344827,0.0,0.0,0.0,0.0,0.0625,0.0,0.01639344262295082,0.0,1.0,0.015384615384615385,0.08333333333333333,0.16666666666666666,0.2,0.14285714285714285,43829,0.9472569999434494
0.025831688069142815,0.0006575857209957727,0.0007260845888546016,9.67803697096589e-06,3.125582162082568e-07,0.00018667113925925556,0.00018800526414739614,0.0003631741420010895,0.0036868146724632123,0.003566908362493168,0.010575595089854837,0.0008924362913694686,0.6835586408747547,0.8777607613357146,0.04094215176640372,0.033542953550093776,0.016465228842882595,0.014864864864864866,0.072,0.0,0.0,0.16666666666666666,0.017241379310344827,0.0,0.0,0.016129032258064516,0.0,0.0,0.01694915254237288,0.0,0.0,1.0,0.015384615384615385,0.25,0.16666666666666666,0.2,0.14285714285714285,43914,0.8056153565376174
0.03213485589139025,0.0017848755284170974,0.0018152114721365039,2.0227260939318216e-05,2.684996177418561e-06,0.00031784786976754554,0.0013160368490317729,0.001452696568004358,0.0016910262544277625,0.0016980670684269485,0.0034003534548269557,0.0002662181720621523,0.11107767214725779,0.6773471487776362,0.03895286231850874,0.019980860223851087,0.028811675039897188,0.10472972972972974,0.056,0.0,0.0,0.16666666666666666,0.0,0.0,0.0,0.0,0.0,0.0,0.01694915254237288,0.0,0.0,1.0,0.015384615384615385,0.3333333333333333,0.16666666666666666,0.2,0.14285714285714285,45655,0.08277044166905212
1.3333335777778225e-07,9.394081728511038e-05,0.0,0.12499999992500001,0.2507593014057743,0.0,0.0,0.0,1.3331113258605333e-07,0.0,0.0,0.0,0.0,0.0,0.0,0.0,0.0,0.8763513513513514,0.0,0.0,0.03225806451612903,0.3333333333333333,0.0,0.0,0.0,0.0,0.0,0.0,0.0,0.01639344262295082,0.0,1.0,0.0,0.0,0.0,0.0,0.0,46640,0.1737656804131844
1.1666668805555949e-07,9.394081728511038e-05,0.0,0.14285714047142858,0.021694325445378262,0.0,0.0,0.0,1.1664724101279667e-07,0.0,0.0,0.0,0.0,0.0,0.0,0.0,0.0,0.051351351351351354,0.0,0.0,0.08064516129032258,0.3333333333333333,0.034482758620689655,0.017241379310344827,0.02702702702702703,0.03225806451612903,0.0,0.0,0.1016949152542373,0.08196721311475409,0.0,1.0,0.7615384615384616,0.0,0.0,0.0,0.0,47365,0.6745077240027018
0.020782020476703755,0.0029121653358384217,0.009802141949537121,0.00011147458866557623,1.7281748193977307e-06,0.03744170939413983,0.0013160368490317729,0.009442527692028328,0.0006702759933712372,0.0001973445268763496,0.0015192627449479139,0.0025208175940615064,0.957471275064421,0.5490354513610581,0.00986506483769968,0.008395035558580234,0.0036226712984050004,0.014864864864864866,0.7573333333333333,0.0,0.0,0.16666666666666666,0.0,0.0,0.0,0.0,0.0,0.0,0.01694915254237288,0.0,0.0,1.0,0.015384615384615385,0.41666666666666663,0.16666666666666666,0.2,0.14285714285714285,47934,0.3792107992246979
2.0000003666667342e-07,9.394081728511038e-05,0.0,0.08333333014000002,0.012655022923370184,0.0,0.0,0.0,1.9996669887907999e-07,0.0,0.0,0.0,0.0,0.0,0.0,0.0,0.0,0.051351351351351354,0.0,0.0,0.2903225806451613,0.3333333333333333,0.08620689655172414,0.08620689655172414,0.13513513513513514,0.08064516129032258,0.0,0.0,0.08474576271186442,0.2786885245901639,0.0,1.0,0.38461538461538464,0.0,0.0,0.0,0.0,48077,0.8531958181743531
2.0000003666667342e-07,9.394081728511038e-05,0.0,0.08333333014000002,0.06732472262051462,0.0,0.0,0.0,1.9996669887907999e-07,0.0,0.0,0.0,0.0,0.0,0.0,0.0,0.0,0.34324324324324323,0.0,0.0,0.467741935483871,0.3333333333333333,0.15517241379310345,0.15517241379310345,0.0,0.14516129032258063,0.0,0.0,0.15254237288135591,0.4754098360655738,0.0,1.0,0.0,0.0,0.0,0.0,0.0,48342,0.771799565773249
0.011287135402641492,0.002724283701268201,0.0012706480304955528,6.349412780951762e-05,5.691834267822784e-05,0.00040281870859130075,0.0022560631697687537,0.000726348284002179,0.00038914667743998366,0.0008496847551162781,0.0012412697086294773,0.00015195158563905426,0.7316915483657053,0.9825960335279783,0.02656677478401608,0.012014424250988908,0.021427366635504642,0.575,0.03666666666666667,0.0,0.06451612903225806,0.16666666666666666,0.017241379310344827,0.017241379310344827,0.0,0.016129032258064516,0.0,0.0,0.01694915254237288,0.04918032786885246,0.0,1.0,0.015384615384615385,0.0,0.16666666666666666,0.0,0.14285714285714285,48934,0.9175761326706785
0.0035624506531159532,0.0008454673555659935,0.0005445634416409512,7.017642478947073e-05,4.0212457859835e-06,0.0004026559568299631,0.00037601052829479227,0.00018158707100054475,0.00035654988922511434,0.000700643132815742,0.0007575831236032939,0.000137620186911874,0.8084876448448494,0.8515912319806576,0.01780469008613189,0.0035524490607997793,0.019317613011296864,0.026351351351351353,0.03,0.0,0.0,0.16666666666666666,0.0,0.0,0.0,0.0,0.0,0.0,0.0,0.0,0.0,1.0,0.015384615384615385,0.0,0.16666666666666666,0.0,0.14285714285714285,49052,0.6848171598115358
0.07885323112309238,0.0006575857209957727,0.0,1.479541995561374e-06,1.069494382348033e-06,0.0,0.0,0.0,0.01126286915685641,0.0,0.0005313115045438834,0.0,0.0,0.0,0.0,0.0,0.0,0.30540540540540545,0.0,0.0,0.0,0.3333333333333333,0.0,0.0,0.0,0.0,0.0,0.0,0.0,0.0,0.0,1.0,0.0,0.9166666666666666,0.0,0.0,0.0,49741,0.21673897209764048
0.017152119811221965,0.0010333489901362142,0.0010891268832819024,2.2349038932952886e-05,1.1185217844833757e-06,0.0002337176414434813,0.0005640157924421884,0.000726348284002179,0.0015588813442934636,0.0015538589181291614,0.003512222665865912,0.00026392277321872926,0.21255772681445023,0.23498417918925404,0.025300768160901644,0.013084528639625535,0.01859649314492256,0.030405405405405407,0.038,0.0,0.0,0.16666666666666666,0.0,0.0,0.0,0.0,0.0,0.0,0.0,0.0,0.0,1.0,0.015384615384615385,0.16666666666666666,0.16666666666666666,0.0,0.14285714285714285,50464,0.8150107615462104
1.3333335777778225e-07,9.394081728511038e-05,0.0,0.12499999992500001,0.015945329521259613,0.0,0.0,0.0,1.3331113258605333e-07,0.0,0.0,0.0,0.0,0.0,0.0,0.0,0.0,0.04054054054054054,0.0,0.0,0.03225806451612903,0.3333333333333333,0.0,0.0,0.0,0.0,0.0,0.0,0.0,0.0,0.0,1.0,0.0,0.0,0.0,0.0,0.0,50517,0.44602206256733556
1.8333336694445063e-07,9.394081728511038e-05,0.0,0.24999999985000002,0.03796507028871337,0.0,0.0,0.0,6.665556629302667e-08,0.0,0.0,0.0,0.0,0.0,0.0,0.0,0.0,0.051351351351351354,0.0,0.0,0.12903225806451613,0.3333333333333333,0.10344827586206895,0.08620689655172414,0.13513513513513514,0.08064516129032258,0.0,0.0,0.20338983050847456,0.13114754098360656,0.0,1.0,0.8076923076923077,0.0,0.0,0.0,0.0,52530,0.33373719519541867
1.3333335777778225e-07,9.394081728511038e-05,0.0,0.12499999992500001,0.01082004503228331,0.0,0.0,0.0,1.3331113258605333e-07,0.0,0.0,0.0,0.0,0.0,0.0,0.0,0.0,0.0222972972972973,0.0,0.0,0.03225806451612903,0.3333333333333333,0.034482758620689655,0.034482758620689655,0.05405405405405406,0.03225806451612903,0.0,0.0,0.03389830508474577,0.032786885245901634,0.0,1.0,0.0,0.5,0.0,0.0,0.0,53796,0.4847953885222316
1.8333336694445063e-07,9.394081728511038e-05,0.0,1.0,0.15186028115485348,0.0,0.0,0.0,1.6663891573256667e-08,0.0,0.0,0.0,0.0,0.0,0.0,0.0,0.0,0.051351351351351354,0.0,0.0,0.22580645161290325,0.3333333333333333,0.034482758620689655,0.017241379310344827,0.02702702702702703,0.03225806451612903,0.0,0.0,0.03389830508474577,0.2295081967213115,0.0,1.0,0.7615384615384616,0.0,0.0,0.0,0.0,54413,0.4031464055400731
1.5000002750000507e-07,9.394081728511038e-05,0.0,0.11111110686666668,0.009617817300273116,0.0,0.0,0.0,1.4997502415930998e-07,0.0,0.0,0.0,0.0,0.0,0.0,0.0,0.0,0.0222972972972973,0.0,0.0,0.2096774193548387,0.3333333333333333,0.12068965517241378,0.10344827586206895,0.05405405405405406,0.0967741935483871,0.0,0.0,0.1016949152542373,0.21311475409836067,0.0,1.0,0.0,0.5,0.0,0.0,0.0,55836,0.14833832837371885
1.8333336694445063e-07,9.394081728511038e-05,0.0,0.09090908992727274,0.007869123383732805,0.0,0.0,0.0,1.833028073058233e-07,0.0,0.0,0.0,0.0,0.0,0.0,0.0,0.0,0.0222972972972973,0.0,0.0,0.12903225806451613,0.3333333333333333,0.05172413793103448,0.05172413793103448,0.08108108108108109,0.04838709677419355,0.0,0.0,0.11864406779661017,0.13114754098360656,0.0,1.0,0.0,0.5,0.0,0.0,0.0,56712,0.24283935663518463
6.666667888889113e-08,9.394081728511038e-05,0.0,0.24999999985000002,0.02164009006456662,0.0,0.0,0.0,6.665556629302667e-08,0.0,0.0,0.0,0.0,0.0,0.0,0.0,0.0,0.0222972972972973,0.0,0.0,0.04838709677419355,0.3333333333333333,0.06896551724137931,0.05172413793103448,0.08108108108108109,0.04838709677419355,0.0,0.0,0.05084745762711865,0.04918032786885246,0.0,1.0,0.0,0.5,0.0,0.0,0.0,57947,0.9436908934753026
0.01567283620668664,0.0008454673555659935,0.0007260845888546016,1.807798994576603e-05,8.20368814537886e-07,0.0001266627965236048,0.00037601052829479227,0.00018158707100054475,0.0016710476481983198,0.002130370957428605,0.004478773997671057,0.0003762400926270432,0.42799991187882763,0.5690545782391748,0.031872070004566315,0.024581720274154978,0.01450365988818545,0.021621621621621623,0.029333333333333333,0.0,0.08064516129032258,0.16666666666666666,0.06896551724137931,0.0,0.0,0.0,0.0,0.0,0.01694915254237288,0.0,0.0,1.0,0.015384615384615385,0.0,0.16666666666666666,0.0,0.14285714285714285,58670,0.23704593677552865
1.6666669722222786e-07,9.394081728511038e-05,0.0,0.1000000022,0.008656036025826647,0.0,0.0,0.0,1.6663891573256666e-07,0.0,0.0,0.0,0.0,0.0,0.0,0.0,0.0,0.0222972972972973,0.0,0.0,0.04838709677419355,0.3333333333333333,0.034482758620689655,0.034482758620689655,0.05405405405405406,0.03225806451612903,0.0,0.0,0.05084745762711865,0.04918032786885246,0.0,1.0,0.0,0.5,0.0,0.0,0.0,59688,0.9996125226183432
3.333333944444556e-08,9.394081728511038e-05,0.0,0.49999999980000004,0.04328018012913324,0.0,0.0,0.0,3.332778314651333e-08,0.0,0.0,0.0,0.0,0.0,0.0,0.0,0.0,0.0222972972972973,0.0,0.0,0.08064516129032258,0.3333333333333333,0.017241379310344827,0.017241379310344827,0.02702702702702703,0.016129032258064516,0.0,0.0,0.01694915254237288,0.08196721311475409,0.0,1.0,0.0,0.5,0.0,0.0,0.0,60768,0.6443142999726224
8.333334861111393e-08,9.394081728511038e-05,0.0,0.2000000045,0.025512527234015384,0.0,0.0,0.0,8.331945786628333e-08,0.0,0.0,0.0,0.0,0.0,0.0,0.0,0.0,0.04054054054054054,0.0,0.0,0.03225806451612903,0.3333333333333333,0.0,0.0,0.0,0.0,0.0,0.0,0.0,0.01639344262295082,0.0,1.0,0.0,0.0,0.0,0.0,0.0,62586,0.4968581717045124
0.02204450404149241,0.0008454673555659935,0.0007260845888546016,1.2852789961441631e-05,8.519156932250537e-07,0.0003625344128660204,0.00037601052829479227,0.0003631741420010895,0.002447594243971904,0.0031601880973840322,0.006627739693470749,0.0008480726218704348,0.4602926551595372,0.9748014768904698,0.027525831062171185,0.014066929714626433,0.02041738909538381,0.03918918918918919,0.11866666666666666,0.0,0.016129032258064516,0.16666666666666666,0.0,0.0,0.0,0.0,0.0,0.0,0.0,0.01639344262295082,0.0,1.0,0.015384615384615385,0.0,0.16666666666666666,0.2,0.14285714285714285,63205,0.5278324314880275
3.333333944444556e-08,9.394081728511038e-05,0.0,0.49999999980000004,0.04328018012913324,0.0,0.0,0.0,3.332778314651333e-08,0.0,0.0,0.0,0.0,0.0,0.0,0.0,0.0,0.0222972972972973,0.0,0.0,0.04838709677419355,0.3333333333333333,0.034482758620689655,0.034482758620689655,0.05405405405405406,0.03225806451612903,0.0,0.0,0.03389830508474577,0.04918032786885246,0.0,1.0,0.0,0.5,0.0,0.0,0.0,64130,0.736674955657518
0.007457051367126085,0.0008454673555659935,0.0009076057360682519,4.246540587260378e-05,2.494670679833771e-06,0.0036943519048073716,0.00037601052829479227,0.0005447612130016343,0.0008266660325500459,0.000785123669795446,0.001789403593482343,0.007289744355519724,0.9654774396684449,0.5778065153654417,0.019297573051172787,0.012218652108536412,0.011717514949921095,0.03918918918918919,0.31866666666666665,0.0,0.04838709677419355,0.16666666666666666,0.0,0.0,0.0,0.0,0.0,0.0,0.01694915254237288,0.0,0.0,1.0,0.015384615384615385,0.0,0.16666666666666666,0.2,0.14285714285714285,64347,0.2894710591633386
6.666667888889113e-08,9.394081728511038e-05,0.0,0.24999999985000002,0.02164009006456662,0.0,0.0,0.0,6.665556629302667e-08,0.0,0.0,0.0,0.0,0.0,0.0,0.0,0.0,0.0222972972972973,0.0,0.0,0.2096774193548387,0.3333333333333333,0.05172413793103448,0.05172413793103448,0.08108108108108109,0.04838709677419355,0.0,0.0,0.05084745762711865,0.21311475409836067,0.0,1.0,0.0,0.5,0.0,0.0,0.0,64624,0.7897517274808589
0.0031475672437206613,0.0008454673555659935,0.0005445634416409512,7.94264377617207e-05,5.443856660283352e-06,0.0004557303829844214,0.00037601052829479227,0.00018158707100054475,0.000321829737954306,0.0006291942706554503,0.0006952129573399366,0.0001334534723905304,0.0397483668578694,0.429883506122063,0.0141710050988299,0.0022303913365241223,0.016032966650254818,0.03445945945945946,0.03,0.0,0.03225806451612903,0.16666666666666666,0.0,0.0,0.0,0.0,0.0,0.0,0.0,0.0,0.0,1.0,0.015384615384615385,0.0,0.16666666666666666,0.0,0.14285714285714285,65019,0.9897470559153668
0.0031475672437206613,0.0008454673555659935,0.0005445634416409512,7.94264377617207e-05,5.443856660283352e-06,0.0004557303829844214,0.00037601052829479227,0.00018158707100054475,0.000321829737954306,0.0006291942706554503,0.0006952129573399366,0.0001334534723905304,0.0397483668578694,0.429883506122063,0.0141710050988299,0.0022303913365241223,0.016032966650254818,0.03445945945945946,0.03,0.0,0.03225806451612903,0.16666666666666666,0.0,0.0,0.0,0.0,0.0,0.0,0.0,0.0,0.0,1.0,0.015384615384615385,0.0,0.16666666666666666,0.0,0.14285714285714285,65019,0.8953683973029964
1.8333336694445063e-07,9.394081728511038e-05,0.0,0.09090908992727274,0.07344515360630993,0.0,0.0,0.0,1.833028073058233e-07,0.0,0.0,0.0,0.0,0.0,0.0,0.0,0.0,0.34324324324324323,0.0,0.0,0.06451612903225806,0.3333333333333333,0.017241379310344827,0.017241379310344827,0.0,0.016129032258064516,0.0,0.0,0.01694915254237288,0.08196721311475409,0.0,1.0,0.0,0.0,0.0,0.0,0.0,65168,0.1985778697425189
0.0029355338715145434,0.0008454673555659935,0.0005445634416409512,8.516340274450979e-05,6.242298422925513e-06,0.0004886477463159021,0.00037601052829479227,0.00018158707100054475,0.00029745786335049,0.0005870531028811602,0.0006467735245335908,0.00012480319697312042,0.948724687115175,0.5620596528897731,0.013487759275565786,0.0020559144263583478,0.01533369890104337,0.03783783783783784,0.03,0.0,0.0,0.16666666666666666,0.0,0.0,0.0,0.0,0.0,0.0,0.0,0.0,0.0,1.0,0.015384615384615385,0.0,0.16666666666666666,0.0,0.14285714285714285,65435,0.33689598669658205
0.016495203024120556,0.002724283701268201,0.006262479578870939,9.901870370294389e-05,2.0299962016554618e-06,0.027102379109699638,0.0013160368490317729,0.004902850917014708,0.0005687052916121035,0.00024434396781114546,0.0012363699731429711,0.0024851330126350957,0.8553162746528643,0.8302329396218247,0.009671683503577817,0.009201720100607786,0.002481581055307026,0.014864864864864866,0.6846666666666666,0.0,0.0,0.16666666666666666,0.0,0.0,0.0,0.0,0.0,0.0,0.0,0.0,0.0,1.0,0.015384615384615385,0.0,0.16666666666666666,0.2,0.14285714285714285,65442,0.31861211601537187
1.5000002750000507e-07,9.394081728511038e-05,0.0,0.11111110686666668,0.006580611677176046,0.0,0.0,0.0,1.4997502415930998e-07,0.0,0.0,0.0,0.0,0.0,0.0,0.0,0.0,0.010135135135135136,0.0,0.0,0.03225806451612903,0.3333333333333333,0.017241379310344827,0.0,0.0,0.03225806451612903,0.0,0.0,0.0,0.06557377049180328,0.0,0.0,0.0,0.0,0.0,0.0,0.0,66607,0.5780936205791957
5.0000009166668354e-08,9.394081728511038e-05,0.0,0.3333333205000001,0.026322446708704185,0.0,0.0,0.0,4.9991674719769996e-08,0.0,0.0,0.0,0.0,0.0,0.0,0.0,0.0,0.01891891891891892,0.0,0.0,0.06451612903225806,0.3333333333333333,0.0,0.0,0.0,0.04838709677419355,0.0,0.0,0.01694915254237288,0.04918032786885246,0.0,0.0,0.0,0.0,0.0,0.0,0.0,66720,0.25549433577978065
0.00760015139336109,0.0008454673555659935,0.0005445634416409512,3.289408790131774e-05,2.0214336698012494e-06,0.00018873861419862957,0.00037601052829479227,0.00018158707100054475,0.0007520729047922552,0.0013104501895071707,0.0015085595166905396,0.00021969792950875787,0.029850454589739436,0.32115430902198905,0.03783548979252721,0.024073784828752304,0.02284433985778369,0.029054054054054056,0.03,0.0,0.08064516129032258,0.16666666666666666,0.034482758620689655,0.034482758620689655,0.0,0.06451612903225806,0.0,0.0,0.05084745762711865,0.04918032786885246,0.0,0.0,0.015384615384615385,0.0,0.16666666666666666,0.0,0.14285714285714285,67444,0.9583646131426239
0.010461635251299796,0.0031000469704086423,0.0009076057360682519,6.850427979448716e-05,8.033112865133468e-05,0.00024239887637103656,0.0026320736980635457,0.00018158707100054475,0.0002994794266928081,0.0010764814881525978,0.001099496969168489,0.0001765224117862278,0.8422540957335043,0.15098145600023657,0.03411361872998968,0.02116408019367867,0.021193822133326597,0.6635135135135135,0.029333333333333333,0.0,0.06451612903225806,0.16666666666666666,0.0,0.0,0.0,0.04838709677419355,0.0,0.0,0.01694915254237288,0.04918032786885246,0.0,0.0,0.015384615384615385,0.0,0.16666666666666666,0.0,0.14285714285714285,67454,0.5446285675801125
0.0,0.0,0.0,0.0,0.0,0.0,0.0,0.0,0.9998461589529957,0.0,0.0,0.0,0.0,0.0,0.0,0.0,0.0,0.014864864864864866,0.0,0.0,0.0,0.3333333333333333,0.0,0.0,0.0,0.0,0.0,0.0,0.0,0.0,1.0,0.0,0.007692307692307693,0.0,0.0,0.1,0.0,68378,0.08809861436595234
0.008705568262687514,0.0008454673555659935,0.0007260845888546016,3.254622590236132e-05,2.2212081684454648e-06,0.0008834477651237389,0.00037601052829479227,0.0003631741420010895,0.0009671241249290618,0.0010410449635291355,0.0020584538467329967,0.0001737362025521164,0.525451491862617,0.09117310230527642,0.028365038015525465,0.01647489701833526,0.01885940142953819,0.04121621621621622,0.11466666666666667,5.054473876953125e-05,0.03225806451612903,0.16666666666666666,0.017241379310344827,0.017241379310344827,0.0,0.03225806451612903,0.0,0.0625,0.03389830508474577,0.032786885245901634,0.0,0.0,0.015384615384615385,0.08333333333333333,0.16666666666666666,0.2,0.14285714285714285,69402,0.31671896139579936
0.006550984534347165,0.00046970408642555187,0.0001815211472136504,1.7809031946572905e-05,3.260835828630605e-06,4.2033627941414065e-05,0.00037601052829479227,0.00018158707100054475,0.0013099785115785385,5.1957732730808375e-08,0.002902469214421956,0.0,0.7375339183456839,0.680976992544494,0.07448530864472133,0.03276137136991956,0.06109339799739004,0.09797297297297297,0.028666666666666667,0.0,0.04838709677419355,0.5,0.017241379310344827,0.017241379310344827,0.0,0.03225806451612903,0.0,0.0,0.01694915254237288,0.04918032786885246,0.0,0.0,0.015384615384615385,0.0,0.6666666666666666,0.2,0.14285714285714285,70068,0.9948337233952014
0.00908770166607864,0.0008454673555659935,0.0005445634416409512,2.7509711917470864e-05,1.3396275360773256e-06,0.00015784432086899506,0.00037601052829479227,0.00018158707100054475,0.0009638580021807034,0.0016070491575573215,0.0021048753002900263,0.0002990901107050413,0.03641817858816831,0.7081650787089834,0.03593674153760404,0.02519688309241264,0.019129479940097886,0.019594594594594596,0.03,0.0,0.03225806451612903,0.16666666666666666,0.0,0.0,0.0,0.016129032258064516,0.0,0.0,0.0,0.01639344262295082,0.0,0.0,0.015384615384615385,0.0,0.16666666666666666,0.0,0.14285714285714285,71406,0.4564572705671014
0.02662338821428784,0.0008454673555659935,0.0007260845888546016,1.0642272968073181e-05,8.46096081700722e-07,7.456471082134533e-05,0.00037601052829479227,0.00018158707100054475,0.002957661150829682,0.0033336847177067104,0.006388779407674251,0.0007226873233378607,0.8965048083298063,0.17410332259991376,0.11760018736269992,0.07736578913768118,0.06820660357323088,0.050675675675675685,0.029333333333333333,0.0,0.03225806451612903,0.16666666666666666,0.017241379310344827,0.017241379310344827,0.0,0.016129032258064516,0.0,0.0,0.01694915254237288,0.032786885245901634,0.0,0.0,0.015384615384615385,0.0,0.16666666666666666,0.0,0.14285714285714285,72917,0.05470837961811159
0.09537205081820932,0.0008454673555659935,0.0007260845888546016,2.9708219910875343e-06,1.9213676249297435e-07,2.081495869480145e-05,0.00037601052829479227,0.00018158707100054475,0.010511255075654735,0.013649914477571926,0.03202579877906669,0.0029764246260472224,0.5099870566189805,0.48936093491045374,0.11431322804212522,0.0636431646578579,0.07903671770274155,0.03783783783783784,0.029333333333333333,0.0,0.0,0.16666666666666666,0.017241379310344827,0.0,0.0,0.0,0.0,0.0,0.0,0.01639344262295082,0.0,0.0,0.015384615384615385,0.0,0.16666666666666666,0.0,0.14285714285714285,73306,0.8670877183563194
0.034634056349577,0.0008454673555659935,0.0007260845888546016,8.180773975457678e-06,3.3323798741288445e-07,5.731830131230288e-05,0.00037601052829479227,0.00018158707100054475,0.0036313915522601637,0.004854960318147589,0.009230503181381008,0.0011497039586788392,0.4170964432398784,0.14875934283135994,0.05632735089815032,0.03588181188228046,0.033962970221710215,0.018243243243243244,0.029333333333333333,0.0,0.016129032258064516,0.16666666666666666,0.017241379310344827,0.017241379310344827,0.02702702702702703,0.016129032258064516,0.0,0.0,0.01694915254237288,0.01639344262295082,0.0,0.0,0.015384615384615385,0.0,0.16666666666666666,0.0,0.14285714285714285,73629,0.1946659389465435
0.004178267432682362,0.00046970408642555187,0.0001815211472136504,2.792226391623321e-05,4.936900623795262e-06,6.59033039932361e-05,0.00037601052829479227,0.00018158707100054475,0.0008355141923698307,1.5587319819242512e-07,0.0020345008015492105,0.0,0.6456984144210228,0.19867077044132958,0.05481562699121934,0.04490006780736758,0.022054590685944786,0.09391891891891893,0.028666666666666667,0.0,0.12903225806451613,0.5,0.034482758620689655,0.034482758620689655,0.0,0.11290322580645161,0.0,0.0,0.05084745762711865,0.11475409836065574,0.0,0.0,0.015384615384615385,0.0,0.6666666666666666,0.2,0.14285714285714285,75764,0.4711836759317518
0.002844233854776207,0.00046970408642555187,0.0001815211472136504,4.1018669876943994e-05,7.252459962674686e-06,9.681399558563358e-05,0.00037601052829479227,0.00018158707100054475,0.0005687519505085086,1.3855395394882233e-07,0.0013977201507521897,0.0,0.053041636494689105,0.8805692009164128,0.0377548924299974,0.02557713738863538,0.02108285435085896,0.09391891891891893,0.028666666666666667,0.0,0.12903225806451613,0.5,0.06896551724137931,0.06896551724137931,0.0,0.11290322580645161,0.0,0.0,0.08474576271186442,0.11475409836065574,0.0,0.0,0.015384615384615385,0.0,0.6666666666666666,0.2,0.14285714285714285,76100,0.6674587448554332
0.010328551893567847,0.0008454673555659935,0.0005445634416409512,2.4204752927385743e-05,1.178687430192866e-06,0.00013888123211310368,0.00037601052829479227,0.00018158707100054475,0.0011046549214670783,0.00196358663536271,0.0025488995677800668,0.00041842428963863933,0.8044202493328079,0.586691669462726,0.032177711950783276,0.016372938042412452,0.023946506017185325,0.019594594594594596,0.03,0.0,0.06451612903225806,0.16666666666666666,0.0,0.0,0.0,0.016129032258064516,0.0,0.0,0.03389830508474577,0.032786885245901634,0.0,0.0,0.015384615384615385,0.0,0.16666666666666666,0.0,0.14285714285714285,76302,0.3680408880347199
0.014226619274880203,0.0008454673555659935,0.0009076057360682519,2.2258747933223757e-05,9.749265065335638e-07,0.0002619728470262005,0.00037601052829479227,0.0005447612130016343,0.0015804719820659199,0.0014391041690191974,0.003432862239653684,0.0002667772424957396,0.11668819424141579,0.6735897498966558,0.048001224661222856,0.03252181426235625,0.02680093882158361,0.025,0.043333333333333335,0.0,0.0,0.16666666666666666,0.0,0.0,0.0,0.0,0.0,0.0,0.0,0.01639344262295082,0.0,0.0,0.015384615384615385,0.0,0.16666666666666666,0.0,0.14285714285714285,76642,0.6293958962010683
0.014000519233428526,0.0008454673555659935,0.0009076057360682519,2.2618211932145365e-05,9.90670980711509e-07,0.00026620352499972627,0.00037601052829479227,0.0005447612130016343,0.001555353948389128,0.0014948471091756664,0.0037822113528586093,0.00027418843556949955,0.07145590421188049,0.3882208088807324,0.03043178466896858,0.019405675241137624,0.018327097513024204,0.025,0.043333333333333335,0.0,0.0,0.16666666666666666,0.017241379310344827,0.0,0.0,0.0,0.0,0.0,0.0,0.04918032786885246,0.0,0.0,0.015384615384615385,0.0,0.16666666666666666,0.0,0.14285714285714285,76648,0.34689925878474126
0.011954018858236793,0.002724283701268201,0.0012706480304955528,5.995195582014414e-05,5.650183618745823e-05,0.00038034646681627123,0.0022560631697687537,0.000726348284002179,0.0004121388151493171,0.0007904769615949223,0.0012716558297726857,0.00015703442644745392,0.43581739790386237,0.6128715136560566,0.04457714515244808,0.03182731558441397,0.023098370719801913,0.6054054054054054,0.03666666666666667,0.0,0.04838709677419355,0.16666666666666666,0.017241379310344827,0.017241379310344827,0.0,0.04838709677419355,0.0,0.0,0.01694915254237288,0.06557377049180328,0.0,0.0,0.015384615384615385,0.0,0.16666666666666666,0.0,0.14285714285714285,77654,0.9176853107474259
0.012016285536319015,0.00253640206669798,0.0012706480304955528,5.686727782939817e-05,4.656214181474786e-05,0.0003783755758819367,0.0020680579056213573,0.000726348284002179,0.00046148018150044077,0.0009029881238478373,0.0013526183165517638,0.0001531606204377277,0.5204382410286347,0.28823749122995723,0.024094424520439153,0.013380798490635268,0.01669604183041528,0.5371621621621623,0.03666666666666667,0.0,0.06451612903225806,0.16666666666666666,0.0,0.0,0.0,0.04838709677419355,0.0,0.0,0.01694915254237288,0.04918032786885246,0.0,0.0,0.015384615384615385,0.0,0.16666666666666666,0.0,0.14285714285714285,77663,0.830500012141765
0.0,0.0,0.0,0.0,0.0,0.0,0.0,0.0,0.9998453590862001,0.0,1.0440559515582596e-05,0.0,0.0,0.0,0.0,0.0,0.0,0.014864864864864866,0.0,0.0,0.0,0.3333333333333333,0.0,0.0,0.0,0.0,0.0,0.0,0.0,0.0,1.0,0.0,0.007692307692307693,0.0,0.0,0.1,0.0,78756,0.5769303369234218
0.008366518200528337,0.0008454673555659935,0.0005445634416409512,2.9881014910356957e-05,2.0601337571385267e-06,0.00017145030898451706,0.00037601052829479227,0.00018158707100054475,0.0009086060867996782,0.0014562020560021226,0.002205386755666313,0.0003155362279274171,0.028476178647613475,0.27053193198147674,0.04238322214124688,0.02528272697183701,0.02744625915654925,0.03513513513513514,0.03,0.0,0.016129032258064516,0.16666666666666666,0.0,0.0,0.0,0.016129032258064516,0.0,0.0,0.0,0.01639344262295082,0.0,0.0,0.015384615384615385,0.0,0.16666666666666666,0.0,0.14285714285714285,81279,0.74628881234264
1.5000002750000507e-07,9.394081728511038e-05,0.0,0.11111110686666668,0.008774149156001864,0.0,0.0,0.0,1.4997502415930998e-07,0.0,0.0,0.0,0.0,0.0,0.0,0.0,0.0,0.01891891891891892,0.0,0.0,0.08064516129032258,0.3333333333333333,0.017241379310344827,0.017241379310344827,0.0,0.06451612903225806,0.0,0.0,0.01694915254237288,0.06557377049180328,0.0,0.0,0.0,0.0,0.0,0.0,0.0,81924,0.3107785664985586
0.012520585628774032,0.0008454673555659935,0.0005445634416409512,1.9967120940098638e-05,9.72329477047011e-07,0.00011456668266645559,0.00037601052829479227,0.00018158707100054475,0.0013096559652932464,0.002409255715870178,0.0029239709216815034,0.0005009239176426706,0.41471778509668855,0.09995559883671619,0.03306637637659903,0.017256479198509478,0.024132590452400286,0.019594594594594596,0.03,0.0,0.04838709677419355,0.16666666666666666,0.0,0.0,0.0,0.016129032258064516,0.0,0.0,0.0,0.01639344262295082,0.0,0.0,0.015384615384615385,0.0,0.16666666666666666,0.0,0.14285714285714285,82221,0.651920910064358
